{"count":1,"self":146.5423872,"total":20563.2814705,"children":{"InitializeActuators":{"count":11175,"self":0.096121299999999993,"total":0.096121299999999993,"children":null},"InitializeSensors":{"count":11175,"self":0.55287259999999994,"total":0.55287259999999994,"children":null},"AgentSendState":{"count":155334,"self":559.9768576,"total":900.8515397,"children":{"CollectObservations":{"count":8334633,"self":36.7787776,"total":36.7787785,"children":null},"WriteActionMask":{"count":8334633,"self":6.6009063999999995,"total":6.6009063,"children":null},"RequestDecision":{"count":8334633,"self":22.3264176,"total":297.49501349999997,"children":{"AgentInfo.ToProto":{"count":8334633,"self":24.1716128,"total":275.16859519999997,"children":{"GenerateSensorData":{"count":8334633,"self":202.51968,"total":250.99698289999998,"children":{"RayPerceptionSensor.Perceive":{"count":8334633,"self":48.4773056,"total":48.4773061,"children":null}}}}}}}}},"DecideAction":{"count":155334,"self":19470.6833408,"total":19470.6832215,"children":null},"AgentAct":{"count":155334,"self":43.9468864,"total":43.9468865,"children":null},"AgentInfo.ToProto":{"count":11128,"self":0.0716324,"total":0.6074491,"children":{"GenerateSensorData":{"count":11128,"self":0.45958099999999996,"total":0.53581669999999992,"children":{"RayPerceptionSensor.Perceive":{"count":11128,"self":0.0762357,"total":0.0762357,"children":null}}}}}},"gauges":{},"metadata":{"timer_format_version":"0.1.0","start_time_seconds":"1625525209","unity_version":"2020.3.2f1","command_line_arguments":"C:\\Program Files\\Unity\\Hub\\Editor\\2020.3.2f1\\Editor\\Unity.exe -projectpath C:\/Users\/raego\/Documents\/uni\/TFG\/Project_TFG -useHub -hubIPC -cloudEnvironment production -hubSessionId 66bae690-dda1-11eb-bc6a-cb4ba81b00f3 -accessToken uf7jeVYt7KWA364teyrzB3ECKNuldhL-HsXXcjepZWg006f","communication_protocol_version":"1.5.0","com.unity.ml-agents_version":"2.0.0-exp.1","scene_name":"TFG","end_time_seconds":"1625545772"}}